[
    {
        "id"          : "1",
        "title"       : "deluxe2",
        "rate"        : "5000",
        "description" : "A short description of a deluxe room with double size bed.",
        "image"       : "http://releases.hotelhosting.co/assets/images/Rooms/rooms-01.jpg"
    },
    {
        "id"          : "2",
        "title"       : "single2",
        "rate"        : "2000",
        "description" : "A short description of a deluxe room with single size bed.",
        "image"       : "http://releases.hotelhosting.co/assets/images/Rooms/rooms-02.jpg"
    },
    {
        "id"          : "3",
        "title"       : "super deluxe2",
        "rate"        : "8000",
        "description" : "A short description of a deluxe room with queen size bed.",
        "image"       : "http://releases.hotelhosting.co/assets/images/Rooms/rooms-03.jpg"
    },
    {
        "id"          : "4",
        "title"       : "double2",
        "rate"        : "4000",
        "description" : "A short description of a deluxe room with double size bed.",
        "image"       : "http://releases.hotelhosting.co/assets/images/Rooms/rooms-02.jpg"
    },
    {
        "id"          : "5",
        "title"       : "executive2",
        "rate"        : "10000",
        "description" : "A short description of a deluxe room with king size bed.",
        "image"       : "http://releases.hotelhosting.co/assets/images/Rooms/rooms-03.jpg"
    }
]